,player,nationality,position,squad,age,birth_year,games_gk,games_starts_gk,minutes_gk,goals_against_gk,goals_against_per90_gk,shots_on_target_against,saves,save_pct,wins_gk,draws_gk,losses_gk,clean_sheets,clean_sheets_pct,pens_att_gk,pens_allowed,pens_saved,pens_missed_gk,minutes_90s,free_kick_goals_against_gk,corner_kick_goals_against_gk,own_goals_against_gk,psxg_gk,psnpxg_per_shot_on_target_against,psxg_net_gk,psxg_net_per90_gk,passes_completed_launched_gk,passes_launched_gk,passes_pct_launched_gk,passes_gk,passes_throws_gk,pct_passes_launched_gk,passes_length_avg_gk,goal_kicks,pct_goal_kicks_launched,goal_kick_length_avg,crosses_gk,crosses_stopped_gk,crosses_stopped_pct_gk,def_actions_outside_pen_area_gk,def_actions_outside_pen_area_per90_gk,avg_distance_def_actions_gk
0,Julen Agirrezabala,es ESP,GK,Athletic Club,21-013,2000,4.0,4.0,360.0,5.0,1.25,20.0,15.0,75.0,1.0,2.0,1.0,1.0,25.0,0.0,0.0,0.0,0.0,4.0,0.0,0.0,0.0,4.7,0.26,-0.3,-0.08,10.0,31.0,32.3,56.0,10.0,37.5,36.8,26.0,38.5,38.3,35.0,2.0,5.7,5.0,1.25,17.3
1,Alisson,br BRA,GK,Liverpool,29-098,1992,18.0,18.0,1620.0,16.0,0.89,49.0,33.0,67.3,11.0,5.0,2.0,9.0,50.0,0.0,0.0,0.0,0.0,18.0,0.0,2.0,1.0,15.4,0.32,0.4,0.02,82.0,152.0,53.9,561.0,94.0,20.7,29.3,83.0,43.4,38.4,127.0,13.0,10.2,26.0,1.44,17.0
2,Kepa Arrizabalaga,es ESP,GK,Chelsea,27-097,1994,1.0,1.0,90.0,0.0,0.0,2.0,2.0,100.0,1.0,0.0,0.0,1.0,100.0,0.0,0.0,0.0,0.0,1.0,0.0,0.0,0.0,0.3,0.17,0.3,0.34,6.0,8.0,75.0,26.0,6.0,30.8,30.0,4.0,0.0,9.3,8.0,1.0,12.5,1.0,1.0,18.8
3,Sergio Asenjo,es ESP,GK,Villarreal,32-194,1989,2.0,2.0,180.0,4.0,2.0,7.0,3.0,42.9,1.0,1.0,0.0,0.0,0.0,0.0,0.0,0.0,0.0,2.0,0.0,0.0,0.0,2.9,0.41,-1.1,-0.56,5.0,11.0,45.5,39.0,7.0,17.9,28.3,14.0,28.6,32.5,24.0,1.0,4.2,2.0,1.0,17.1
4,Emil Audero,it ITA,GK,Sampdoria,24-355,1997,19.0,19.0,1710.0,36.0,1.89,93.0,59.0,62.4,5.0,4.0,10.0,3.0,15.8,1.0,1.0,0.0,0.0,19.0,1.0,4.0,1.0,30.4,0.32,-4.6,-0.24,152.0,333.0,45.6,490.0,72.0,47.3,39.7,141.0,71.6,51.0,166.0,14.0,8.4,6.0,0.32,13.6
5,Daniel Bachmann,at AUT,GK,Watford,27-183,1994,10.0,10.0,900.0,23.0,2.3,59.0,39.0,66.1,1.0,0.0,9.0,0.0,0.0,3.0,3.0,0.0,0.0,10.0,1.0,4.0,1.0,19.9,0.3,-2.1,-0.21,76.0,196.0,38.8,232.0,38.0,62.1,47.8,75.0,69.3,51.6,100.0,3.0,3.0,7.0,0.7,13.6
6,Édgar Badía,es ESP,GK,Elche,29-330,1992,7.0,7.0,630.0,12.0,1.71,35.0,26.0,74.3,1.0,3.0,3.0,1.0,14.3,4.0,3.0,1.0,0.0,7.0,0.0,4.0,0.0,13.9,0.3,1.9,0.27,49.0,119.0,41.2,182.0,35.0,46.2,38.0,55.0,63.6,47.7,76.0,6.0,7.9,4.0,0.57,14.7
7,Stefan Bajic,fr FRA,GK,Saint-Étienne,20-016,2001,7.0,4.0,510.0,13.0,2.29,27.0,16.0,59.3,0.0,1.0,3.0,0.0,0.0,2.0,2.0,0.0,0.0,5.7,1.0,0.0,0.0,13.3,0.42,0.3,0.06,33.0,86.0,38.4,141.0,39.0,39.7,34.7,44.0,68.2,50.2,52.0,1.0,1.9,9.0,1.59,15.8
8,Oliver Baumann,de GER,GK,Hoffenheim,31-220,1990,16.0,16.0,1440.0,23.0,1.44,72.0,49.0,68.1,7.0,4.0,5.0,5.0,31.3,2.0,0.0,1.0,1.0,16.0,0.0,5.0,0.0,23.8,0.34,0.8,0.05,81.0,233.0,34.8,640.0,82.0,30.9,32.3,105.0,33.3,32.5,128.0,11.0,8.6,23.0,1.44,15.7
9,Asmir Begović,ba BIH,GK,Everton,34-202,1987,1.0,1.0,90.0,3.0,3.0,3.0,1.0,0.0,0.0,0.0,1.0,0.0,0.0,0.0,0.0,0.0,0.0,1.0,0.0,0.0,1.0,0.9,0.31,-1.1,-1.08,5.0,16.0,31.3,11.0,2.0,72.7,50.5,12.0,66.7,49.6,5.0,1.0,20.0,0.0,0.0,15.0
10,Vid Belec,si SVN,GK,Salernitana,31-216,1990,17.0,17.0,1530.0,37.0,2.18,92.0,57.0,60.9,2.0,2.0,13.0,1.0,5.9,2.0,1.0,0.0,1.0,17.0,0.0,4.0,2.0,27.6,0.29,-7.4,-0.44,106.0,254.0,41.7,305.0,63.0,50.5,42.5,142.0,70.4,52.0,158.0,10.0,6.3,6.0,0.35,12.9
11,Walter Benítez,ar ARG,GK,Nice,28-295,1993,19.0,19.0,1710.0,17.0,0.89,67.0,52.0,77.6,10.0,4.0,5.0,6.0,31.6,2.0,2.0,0.0,0.0,19.0,0.0,1.0,0.0,19.3,0.26,2.3,0.12,78.0,206.0,37.9,344.0,74.0,36.6,34.0,126.0,63.5,48.1,143.0,8.0,5.6,13.0,0.68,14.9
12,Paul Bernardoni,fr FRA,GK,Angers,24-265,1997,13.0,13.0,1170.0,19.0,1.46,43.0,27.0,62.8,4.0,5.0,4.0,4.0,30.8,3.0,3.0,0.0,0.0,13.0,2.0,6.0,0.0,14.6,0.29,-4.4,-0.34,55.0,122.0,45.1,239.0,82.0,32.6,35.2,98.0,44.9,40.5,134.0,17.0,12.7,7.0,0.54,14.5
13,Dimitry Bertaud,fr FRA,GK,Montpellier,23-216,1998,5.0,5.0,450.0,9.0,1.8,26.0,18.0,65.4,2.0,1.0,2.0,1.0,20.0,0.0,0.0,0.0,0.0,5.0,1.0,1.0,1.0,7.7,0.3,-0.3,-0.06,44.0,91.0,48.4,121.0,27.0,52.1,40.0,48.0,58.3,45.5,46.0,7.0,15.2,0.0,0.0,11.3
14,Marco Bizot,nl NED,GK,Brest,30-304,1991,19.0,19.0,1710.0,28.0,1.47,77.0,51.0,64.9,6.0,7.0,6.0,3.0,15.8,1.0,1.0,0.0,0.0,19.0,0.0,4.0,2.0,21.2,0.27,-4.8,-0.25,158.0,324.0,48.8,436.0,103.0,48.9,41.6,152.0,73.0,54.7,153.0,14.0,9.2,6.0,0.32,13.6
15,Yassine Bounou,ma MAR,GK,Sevilla,30-278,1991,17.0,17.0,1530.0,10.0,0.59,45.0,35.0,80.0,10.0,5.0,2.0,9.0,52.9,2.0,1.0,1.0,0.0,17.0,0.0,3.0,0.0,11.8,0.23,1.8,0.11,96.0,236.0,40.7,455.0,58.0,35.6,36.0,123.0,60.2,47.9,130.0,11.0,8.5,13.0,0.76,14.2
16,Claudio Bravo,cl CHI,GK,Betis,38-270,1983,7.0,7.0,630.0,11.0,1.57,28.0,19.0,60.7,4.0,1.0,2.0,1.0,14.3,0.0,0.0,0.0,0.0,7.0,0.0,1.0,2.0,11.3,0.4,2.3,0.32,50.0,125.0,40.0,181.0,22.0,54.7,45.3,42.0,61.9,50.3,77.0,2.0,2.6,2.0,0.29,12.4
17,Fabian Bredlow,de GER,GK,Stuttgart,26-312,1995,4.0,4.0,360.0,7.0,1.75,24.0,17.0,70.8,0.0,2.0,2.0,0.0,0.0,0.0,0.0,0.0,0.0,4.0,0.0,3.0,0.0,6.9,0.29,-0.1,-0.01,12.0,24.0,50.0,90.0,22.0,23.3,28.7,37.0,8.1,19.9,38.0,1.0,2.6,4.0,1.0,16.0
18,Sascha Burchert,de GER,GK,Greuther Fürth,32-070,1989,9.0,9.0,810.0,19.0,2.11,49.0,33.0,65.3,1.0,2.0,6.0,2.0,22.2,2.0,2.0,0.0,0.0,9.0,0.0,3.0,2.0,15.6,0.29,-1.4,-0.15,85.0,223.0,38.1,269.0,27.0,59.9,46.5,72.0,86.1,59.5,98.0,5.0,5.1,13.0,1.44,16.8
19,Jack Butland,eng ENG,GK,Crystal Palace,28-304,1993,2.0,2.0,180.0,5.0,2.5,10.0,5.0,50.0,0.0,1.0,1.0,0.0,0.0,0.0,0.0,0.0,0.0,2.0,1.0,0.0,0.0,3.6,0.36,-1.4,-0.68,7.0,31.0,22.6,57.0,8.0,36.8,31.9,21.0,47.6,40.8,19.0,0.0,0.0,1.0,0.5,13.6
20,Willy Caballero,ar ARG,GK,Southampton,40-102,1981,2.0,2.0,180.0,5.0,2.5,11.0,6.0,54.5,0.0,1.0,1.0,0.0,0.0,0.0,0.0,0.0,0.0,2.0,0.0,1.0,0.0,4.3,0.4,-0.7,-0.36,20.0,39.0,51.3,46.0,0.0,58.7,42.1,13.0,92.3,59.1,21.0,1.0,4.8,4.0,2.0,22.1
21,Marc-Aurèle Caillard,fr FRA,GK,Metz,27-241,1994,3.0,2.0,183.0,3.0,1.48,12.0,9.0,75.0,1.0,1.0,0.0,0.0,0.0,0.0,0.0,0.0,0.0,2.0,0.0,2.0,0.0,3.2,0.28,0.2,0.12,13.0,39.0,33.3,29.0,8.0,65.5,49.4,20.0,100.0,70.1,22.0,0.0,0.0,1.0,0.49,14.5
22,Cárdenas,es ESP,GK,Levante,24-286,1997,9.0,9.0,810.0,17.0,1.89,34.0,19.0,55.9,0.0,3.0,6.0,2.0,22.2,2.0,2.0,0.0,0.0,9.0,0.0,2.0,0.0,12.6,0.32,-4.4,-0.49,50.0,132.0,37.9,217.0,38.0,46.1,39.1,65.0,49.2,40.9,74.0,3.0,4.1,7.0,0.78,14.3
23,Kiko Casilla,es ESP,GK,Elche,35-098,1986,12.0,12.0,1080.0,15.0,1.25,54.0,39.0,72.2,2.0,4.0,6.0,3.0,25.0,0.0,0.0,0.0,0.0,12.0,0.0,1.0,0.0,13.7,0.25,-1.3,-0.11,79.0,218.0,36.2,288.0,62.0,52.1,41.7,119.0,57.1,44.2,121.0,7.0,5.8,10.0,0.83,15.5
24,Koen Casteels,be BEL,GK,Wolfsburg,29-197,1992,15.0,15.0,1350.0,23.0,1.53,54.0,33.0,61.1,6.0,2.0,7.0,5.0,33.3,5.0,2.0,2.0,1.0,15.0,0.0,2.0,0.0,22.0,0.37,-1.0,-0.06,109.0,215.0,50.7,483.0,67.0,33.7,33.9,105.0,49.5,42.0,123.0,8.0,6.5,16.0,1.07,15.3
25,Leonardo César Jardim,br BRA,GK,Lille,26-294,1995,2.0,2.0,180.0,7.0,3.5,11.0,4.0,45.5,0.0,1.0,1.0,0.0,0.0,2.0,1.0,1.0,0.0,2.0,0.0,2.0,0.0,4.1,0.35,-2.9,-1.46,6.0,13.0,46.2,42.0,14.0,28.6,30.7,10.0,10.0,30.0,10.0,0.0,0.0,3.0,1.5,17.9
26,Jasper Cillessen,nl NED,GK,Valencia,32-261,1989,13.0,13.0,1170.0,21.0,1.62,56.0,36.0,67.9,4.0,6.0,3.0,3.0,23.1,4.0,3.0,1.0,0.0,13.0,0.0,4.0,1.0,22.3,0.36,2.3,0.18,96.0,225.0,42.7,282.0,52.0,57.4,46.4,84.0,75.0,58.0,101.0,6.0,5.9,6.0,0.46,15.2
27,Andrea Consigli,it ITA,GK,Sassuolo,34-346,1987,19.0,19.0,1710.0,29.0,1.53,62.0,38.0,59.7,6.0,7.0,6.0,2.0,10.5,4.0,4.0,0.0,0.0,19.0,0.0,3.0,1.0,24.6,0.34,-3.4,-0.18,139.0,272.0,51.1,644.0,79.0,35.6,33.4,123.0,35.0,31.2,154.0,13.0,8.4,9.0,0.47,12.6
28,Benoît Costil,fr FRA,GK,Bordeaux,34-189,1987,20.0,20.0,1800.0,44.0,2.2,102.0,63.0,61.8,3.0,8.0,9.0,0.0,0.0,5.0,5.0,0.0,0.0,20.0,0.0,5.0,0.0,35.1,0.3,-8.9,-0.44,176.0,394.0,44.7,553.0,63.0,49.0,40.4,167.0,73.7,53.4,154.0,12.0,7.8,18.0,0.9,16.2
29,Thibaut Courtois,be BEL,GK,Real Madrid,29-242,1992,20.0,20.0,1800.0,17.0,0.85,65.0,49.0,75.4,14.0,4.0,2.0,7.0,35.0,1.0,1.0,0.0,0.0,20.0,0.0,1.0,0.0,17.1,0.25,0.1,0.0,71.0,197.0,36.0,534.0,107.0,26.6,32.5,117.0,47.0,40.8,184.0,19.0,10.3,14.0,0.7,14.7
30,Alessio Cragno,it ITA,GK,Cagliari,27-194,1994,18.0,18.0,1620.0,37.0,2.06,86.0,52.0,60.5,2.0,6.0,10.0,0.0,0.0,4.0,3.0,1.0,0.0,18.0,3.0,7.0,1.0,32.7,0.34,-3.3,-0.18,142.0,356.0,39.9,448.0,55.0,53.6,41.9,159.0,73.0,52.0,169.0,12.0,7.1,11.0,0.61,15.0
31,Karl Darlow,eng ENG,GK,Newcastle Utd,31-092,1990,8.0,8.0,720.0,15.0,1.87,37.0,25.0,64.9,0.0,5.0,3.0,0.0,0.0,2.0,2.0,0.0,0.0,8.0,0.0,1.0,1.0,10.6,0.24,-3.4,-0.42,75.0,172.0,43.6,189.0,29.0,64.6,49.8,64.0,78.1,59.8,69.0,8.0,11.6,4.0,0.5,14.9
32,Arthur Desmas,fr FRA,GK,Clermont Foot,27-276,1994,13.0,13.0,1170.0,26.0,2.0,53.0,30.0,54.7,3.0,4.0,6.0,3.0,23.1,2.0,2.0,0.0,0.0,13.0,0.0,4.0,1.0,18.1,0.32,-6.9,-0.53,37.0,137.0,27.0,267.0,49.0,33.3,34.6,101.0,47.5,38.1,85.0,3.0,3.5,5.0,0.38,12.4
33,Stole Dimitrievski,mk MKD,GK,Rayo Vallecano,28-014,1993,18.0,17.0,1602.0,18.0,1.01,62.0,50.0,80.6,9.0,3.0,5.0,6.0,35.3,8.0,6.0,2.0,0.0,17.8,0.0,2.0,1.0,22.9,0.26,5.9,0.33,119.0,348.0,34.2,410.0,88.0,59.5,47.5,133.0,78.2,58.2,130.0,14.0,10.8,5.0,0.28,11.5
34,Matías Dituro,ar ARG,GK,Celta Vigo,34-245,1987,19.0,19.0,1710.0,22.0,1.16,78.0,57.0,73.1,6.0,5.0,8.0,7.0,36.8,4.0,1.0,3.0,0.0,19.0,0.0,1.0,0.0,27.4,0.31,5.4,0.28,175.0,400.0,43.8,564.0,67.0,54.4,44.3,134.0,69.4,53.9,125.0,16.0,12.8,19.0,1.0,17.2
35,Ouparine Djoco,sn SEN,GK,Clermont Foot,23-261,1998,5.0,5.0,450.0,6.0,1.2,13.0,7.0,53.8,1.0,1.0,3.0,1.0,20.0,0.0,0.0,0.0,0.0,5.0,0.0,1.0,1.0,2.5,0.19,-2.5,-0.5,21.0,54.0,38.9,113.0,22.0,36.3,34.8,25.0,52.0,38.3,27.0,1.0,3.7,4.0,0.8,14.9
36,Marko Dmitrović,rs SRB,GK,Sevilla,29-349,1992,2.0,2.0,180.0,3.0,1.5,9.0,6.0,66.7,2.0,0.0,0.0,1.0,50.0,0.0,0.0,0.0,0.0,2.0,0.0,0.0,0.0,3.8,0.42,0.8,0.39,3.0,12.0,25.0,45.0,9.0,17.8,26.9,10.0,40.0,37.4,15.0,1.0,6.7,5.0,2.5,20.2
37,Gianluigi Donnarumma,it ITA,GK,Paris S-G,22-317,1999,8.0,8.0,720.0,6.0,0.75,25.0,19.0,76.0,6.0,1.0,1.0,3.0,37.5,0.0,0.0,0.0,0.0,8.0,0.0,1.0,0.0,7.4,0.31,1.4,0.17,16.0,32.0,50.0,178.0,56.0,13.5,23.5,48.0,16.7,22.1,45.0,3.0,6.7,13.0,1.63,17.4
38,Bartłomiej Drągowski,pl POL,"GK,DF",Fiorentina,24-142,1997,5.0,5.0,376.0,6.0,1.44,16.0,11.0,68.8,2.0,0.0,3.0,1.0,20.0,2.0,1.0,1.0,0.0,4.2,0.0,1.0,0.0,6.5,0.29,0.5,0.11,34.0,70.0,48.6,195.0,15.0,29.7,33.1,27.0,44.4,43.1,20.0,3.0,15.0,9.0,2.15,17.9
39,Martin Dúbravka,sk SVK,GK,Newcastle Utd,32-358,1989,7.0,7.0,630.0,15.0,2.14,35.0,21.0,60.0,1.0,2.0,4.0,1.0,14.3,1.0,1.0,0.0,0.0,7.0,0.0,2.0,0.0,15.5,0.44,0.5,0.07,60.0,160.0,37.5,175.0,26.0,49.7,42.1,81.0,90.1,62.4,53.0,3.0,5.7,3.0,0.43,12.2
40,Ederson,br BRA,GK,Manchester City,28-144,1993,20.0,20.0,1800.0,13.0,0.65,45.0,31.0,73.3,16.0,2.0,2.0,11.0,55.0,1.0,1.0,0.0,0.0,20.0,0.0,1.0,0.0,10.8,0.22,-2.2,-0.11,82.0,134.0,61.2,500.0,97.0,22.0,29.3,82.0,29.3,34.5,113.0,11.0,9.7,21.0,1.05,16.9
41,Aarón Escandell,es ESP,GK,Granada,26-103,1995,4.0,3.0,284.0,6.0,1.9,14.0,10.0,71.4,0.0,2.0,1.0,1.0,33.3,2.0,2.0,0.0,0.0,3.2,0.0,0.0,0.0,4.2,0.19,-1.8,-0.58,39.0,89.0,43.8,88.0,13.0,68.2,48.1,37.0,78.4,54.3,26.0,2.0,7.7,7.0,2.22,14.5
42,Michael Esser,de GER,GK,Bochum,34-047,1987,1.0,1.0,90.0,2.0,2.0,5.0,4.0,80.0,1.0,0.0,0.0,0.0,0.0,1.0,1.0,0.0,0.0,1.0,0.0,1.0,0.0,2.0,0.21,0.0,0.0,8.0,22.0,36.4,30.0,6.0,50.0,40.4,13.0,53.8,40.5,14.0,0.0,0.0,0.0,0.0,8.3
43,Łukasz Fabiański,pl POL,GK,West Ham,36-265,1985,20.0,20.0,1800.0,27.0,1.35,90.0,61.0,71.1,10.0,4.0,6.0,4.0,20.0,2.0,1.0,1.0,0.0,20.0,1.0,3.0,0.0,28.0,0.3,1.0,0.05,125.0,316.0,39.6,362.0,76.0,56.1,44.8,154.0,73.4,55.0,184.0,6.0,3.3,4.0,0.2,12.0
44,Wladimiro Falcone,it ITA,GK,Sampdoria,26-271,1995,1.0,1.0,90.0,1.0,1.0,4.0,3.0,75.0,0.0,1.0,0.0,0.0,0.0,0.0,0.0,0.0,0.0,1.0,0.0,0.0,0.0,1.0,0.25,0.0,-0.02,4.0,20.0,20.0,33.0,6.0,45.5,37.3,7.0,71.4,48.6,10.0,0.0,0.0,0.0,0.0,12.5
45,Wuilker Faríñez,ve VEN,GK,Lens,23-327,1998,2.0,1.0,135.0,3.0,2.0,6.0,3.0,50.0,1.0,0.0,0.0,1.0,100.0,0.0,0.0,0.0,0.0,1.5,0.0,0.0,0.0,2.1,0.36,-0.9,-0.58,2.0,5.0,40.0,27.0,8.0,14.8,25.7,13.0,7.7,18.9,16.0,0.0,0.0,3.0,2.0,14.0
46,Aitor Fernández,es ESP,GK,Levante,30-250,1991,10.0,10.0,896.0,24.0,2.41,61.0,38.0,62.3,0.0,5.0,5.0,1.0,10.0,1.0,1.0,0.0,0.0,10.0,0.0,7.0,0.0,18.7,0.29,-5.3,-0.53,50.0,121.0,41.3,204.0,43.0,43.6,39.9,75.0,42.7,35.2,90.0,4.0,4.4,6.0,0.6,13.9
47,Álvaro Fernández,es ESP,GK,Brentford,23-270,1998,10.0,10.0,900.0,17.0,1.7,48.0,33.0,66.7,3.0,2.0,5.0,1.0,10.0,1.0,1.0,0.0,0.0,10.0,0.0,3.0,1.0,17.1,0.34,1.1,0.11,68.0,196.0,34.7,341.0,49.0,46.9,37.9,68.0,52.9,38.6,99.0,6.0,6.1,9.0,0.9,14.4
48,Vincenzo Fiorillo,it ITA,GK,Salernitana,31-360,1990,1.0,1.0,90.0,5.0,5.0,8.0,3.0,37.5,0.0,0.0,1.0,0.0,0.0,0.0,0.0,0.0,0.0,1.0,0.0,1.0,0.0,2.6,0.32,-2.4,-2.42,11.0,19.0,57.9,20.0,4.0,50.0,41.3,11.0,81.8,53.3,7.0,1.0,14.3,0.0,0.0,10.0
49,Mark Flekken,nl NED,GK,Freiburg,28-209,1993,17.0,17.0,1530.0,16.0,0.94,76.0,62.0,80.3,8.0,5.0,4.0,6.0,35.3,1.0,1.0,0.0,0.0,17.0,1.0,2.0,1.0,19.1,0.24,4.1,0.24,164.0,380.0,43.2,564.0,71.0,48.6,43.1,136.0,77.9,63.6,154.0,11.0,7.1,12.0,0.71,15.2
50,Fraser Forster,eng ENG,GK,Southampton,33-297,1988,2.0,2.0,180.0,3.0,1.5,13.0,11.0,84.6,1.0,1.0,0.0,0.0,0.0,1.0,1.0,0.0,0.0,2.0,0.0,1.0,0.0,4.3,0.25,1.3,0.63,23.0,61.0,37.7,60.0,4.0,73.3,55.1,24.0,70.8,51.1,30.0,2.0,6.7,2.0,1.0,12.2
51,Ben Foster,eng ENG,GK,Watford,38-280,1983,8.0,8.0,720.0,13.0,1.62,34.0,21.0,61.8,3.0,1.0,4.0,0.0,0.0,1.0,0.0,1.0,0.0,8.0,0.0,2.0,0.0,13.3,0.38,0.3,0.04,79.0,197.0,40.1,207.0,22.0,66.7,51.5,68.0,86.8,63.7,73.0,4.0,5.5,8.0,1.0,17.0
52,Marius Funk,de GER,GK,Greuther Fürth,26-007,1996,8.0,8.0,720.0,30.0,3.75,52.0,26.0,46.2,0.0,0.0,8.0,0.0,0.0,2.0,2.0,0.0,0.0,8.0,0.0,4.0,2.0,24.6,0.45,-3.4,-0.43,70.0,193.0,36.3,293.0,28.0,49.5,42.1,69.0,69.6,53.8,51.0,3.0,5.9,12.0,1.5,17.0
53,Gauthier Gallon,fr FRA,GK,Troyes,28-260,1993,19.0,19.0,1710.0,28.0,1.47,84.0,59.0,69.0,4.0,5.0,10.0,3.0,15.8,2.0,2.0,0.0,0.0,19.0,0.0,6.0,2.0,24.3,0.27,-1.7,-0.09,154.0,337.0,45.7,523.0,102.0,45.9,38.7,158.0,61.4,44.7,174.0,14.0,8.0,11.0,0.58,12.8
54,David de Gea,es ESP,GK,Manchester Utd,31-062,1990,19.0,19.0,1710.0,27.0,1.42,90.0,64.0,71.1,9.0,4.0,6.0,4.0,21.1,4.0,1.0,3.0,0.0,19.0,0.0,4.0,2.0,32.5,0.35,7.5,0.4,74.0,182.0,40.7,290.0,61.0,34.5,34.5,157.0,52.2,43.4,155.0,7.0,4.5,4.0,0.21,13.9
55,Rafał Gikiewicz,pl POL,GK,Augsburg,34-074,1987,17.0,17.0,1530.0,26.0,1.53,70.0,46.0,65.7,4.0,6.0,7.0,5.0,29.4,2.0,2.0,0.0,0.0,17.0,0.0,2.0,2.0,21.8,0.29,-2.2,-0.13,120.0,315.0,38.1,458.0,70.0,48.0,40.7,133.0,71.4,54.2,143.0,10.0,7.0,17.0,1.0,15.6
56,Alfred Gomis,sn SEN,GK,Rennes,28-125,1993,18.0,18.0,1620.0,16.0,0.89,47.0,32.0,72.3,9.0,4.0,5.0,8.0,44.4,3.0,3.0,0.0,0.0,18.0,0.0,2.0,0.0,16.9,0.33,0.9,0.05,93.0,203.0,45.8,426.0,91.0,29.8,31.5,114.0,66.7,50.1,171.0,9.0,5.3,12.0,0.67,14.7
57,Ivo Grbić,hr CRO,GK,Lille,25-355,1996,17.0,17.0,1530.0,19.0,1.12,66.0,48.0,72.7,7.0,6.0,4.0,2.0,11.8,1.0,1.0,0.0,0.0,17.0,1.0,4.0,0.0,19.4,0.28,0.4,0.02,98.0,256.0,38.3,361.0,70.0,47.6,40.3,133.0,63.2,47.5,164.0,18.0,11.0,9.0,0.53,13.9
58,Etienne Green,eng ENG,GK,Saint-Étienne,21-173,2000,15.0,15.0,1197.0,27.0,2.03,67.0,43.0,61.2,2.0,5.0,8.0,1.0,6.7,1.0,1.0,0.0,0.0,13.3,1.0,3.0,2.0,20.7,0.3,-4.3,-0.32,75.0,188.0,39.9,295.0,65.0,41.7,37.9,109.0,59.6,47.4,112.0,9.0,8.0,8.0,0.6,14.5
59,Dominik Greif,sk SVK,GK,Mallorca,24-277,1997,1.0,1.0,90.0,3.0,3.0,6.0,3.0,50.0,0.0,0.0,1.0,0.0,0.0,0.0,0.0,0.0,0.0,1.0,1.0,0.0,0.0,1.1,0.19,-1.9,-1.87,2.0,13.0,15.4,21.0,6.0,42.9,37.8,10.0,40.0,37.4,8.0,0.0,0.0,1.0,1.0,13.0
60,Vicente Guaita,es ESP,GK,Crystal Palace,34-363,1987,18.0,18.0,1620.0,25.0,1.39,74.0,51.0,68.9,5.0,7.0,6.0,5.0,27.8,2.0,2.0,0.0,0.0,18.0,1.0,8.0,0.0,21.0,0.27,-4.0,-0.22,95.0,203.0,46.8,444.0,92.0,33.3,32.7,116.0,47.4,36.8,139.0,13.0,9.4,9.0,0.5,14.1
61,Péter Gulácsi,hu HUN,GK,RB Leipzig,31-247,1990,16.0,16.0,1440.0,19.0,1.19,56.0,40.0,71.4,6.0,4.0,6.0,3.0,18.8,3.0,3.0,0.0,0.0,16.0,0.0,4.0,0.0,20.8,0.33,1.8,0.11,79.0,202.0,39.1,459.0,71.0,36.2,35.1,89.0,40.4,37.0,114.0,3.0,2.6,21.0,1.31,17.8
62,Angus Gunn,eng ENG,GK,Norwich City,25-351,1996,2.0,2.0,180.0,8.0,4.0,10.0,4.0,40.0,0.0,0.0,2.0,0.0,0.0,2.0,2.0,0.0,0.0,2.0,0.0,0.0,0.0,6.3,0.45,-1.7,-0.87,14.0,34.0,41.2,53.0,5.0,56.6,42.5,12.0,33.3,33.2,13.0,0.0,0.0,4.0,2.0,20.4
63,Samir Handanović,si SVN,GK,Inter,37-178,1984,19.0,19.0,1710.0,15.0,0.79,63.0,51.0,81.0,14.0,4.0,1.0,9.0,47.4,3.0,3.0,0.0,0.0,19.0,0.0,2.0,1.0,14.7,0.2,0.7,0.04,117.0,200.0,58.5,534.0,76.0,32.4,30.9,82.0,32.9,30.8,139.0,6.0,4.3,2.0,0.11,11.5
64,Wayne Hennessey,wls WAL,GK,Burnley,34-349,1987,2.0,2.0,180.0,6.0,3.0,13.0,7.0,53.8,0.0,0.0,2.0,0.0,0.0,0.0,0.0,0.0,0.0,2.0,0.0,1.0,1.0,3.3,0.27,-1.7,-0.84,26.0,65.0,40.0,58.0,8.0,75.9,57.4,22.0,95.5,70.0,20.0,1.0,5.0,3.0,1.5,15.9
65,Sergio Herrera,es ESP,GK,Osasuna,28-217,1993,18.0,18.0,1620.0,23.0,1.28,63.0,42.0,66.7,5.0,7.0,6.0,6.0,33.3,2.0,2.0,0.0,0.0,18.0,0.0,5.0,1.0,20.0,0.3,-2.0,-0.11,221.0,453.0,48.8,419.0,31.0,77.1,54.6,151.0,86.1,61.0,206.0,11.0,5.3,19.0,1.06,15.0
66,Marwin Hitz,ch SUI,GK,Dortmund,34-112,1987,2.0,1.0,135.0,4.0,2.67,9.0,6.0,66.7,0.0,0.0,1.0,0.0,0.0,1.0,1.0,0.0,0.0,1.5,0.0,0.0,0.0,2.9,0.22,-1.1,-0.74,4.0,9.0,44.4,47.0,9.0,19.1,29.4,7.0,0.0,23.4,11.0,2.0,18.2,1.0,0.67,13.9
67,Timo Horn,de GER,GK,Köln,28-241,1993,12.0,12.0,1080.0,21.0,1.75,53.0,33.0,60.4,3.0,6.0,3.0,0.0,0.0,0.0,0.0,0.0,0.0,12.0,0.0,4.0,1.0,18.2,0.35,-1.8,-0.15,82.0,157.0,52.2,382.0,44.0,33.8,34.9,76.0,36.8,36.7,85.0,3.0,3.5,12.0,1.0,16.1
68,Lukáš Hrádecký,fi FIN,GK,Leverkusen,32-045,1989,17.0,17.0,1530.0,28.0,1.65,92.0,66.0,71.7,8.0,4.0,5.0,4.0,23.5,4.0,2.0,1.0,1.0,17.0,1.0,4.0,0.0,25.7,0.27,-2.3,-0.13,106.0,274.0,38.7,566.0,96.0,36.9,35.0,135.0,48.1,41.8,140.0,8.0,5.7,14.0,0.82,15.6
69,Stefanos Kapino,gr GRE,GK,Arminia,27-296,1994,1.0,1.0,90.0,0.0,0.0,4.0,4.0,100.0,1.0,0.0,0.0,1.0,100.0,0.0,0.0,0.0,0.0,1.0,0.0,0.0,0.0,1.5,0.37,1.5,1.48,8.0,19.0,42.1,21.0,2.0,52.4,41.1,10.0,80.0,51.2,22.0,0.0,0.0,1.0,1.0,14.8
70,Caoimhín Kelleher,ie IRL,GK,Liverpool,23-046,1998,2.0,2.0,180.0,2.0,1.0,8.0,5.0,75.0,1.0,1.0,0.0,1.0,50.0,0.0,0.0,0.0,0.0,2.0,0.0,0.0,0.0,2.2,0.3,0.2,0.12,8.0,16.0,50.0,77.0,12.0,18.2,26.2,13.0,15.4,26.2,10.0,0.0,0.0,3.0,1.5,16.1
71,Gregor Kobel,ch SUI,GK,Dortmund,24-033,1997,16.0,16.0,1395.0,22.0,1.42,62.0,44.0,69.4,11.0,1.0,4.0,2.0,12.5,3.0,3.0,0.0,0.0,15.5,1.0,4.0,1.0,20.3,0.29,-0.7,-0.05,56.0,150.0,37.3,467.0,71.0,24.0,29.9,96.0,39.6,36.9,93.0,12.0,12.9,15.0,0.97,16.1
72,Tim Krul,nl NED,GK,Norwich City,33-280,1988,17.0,17.0,1530.0,34.0,2.0,85.0,54.0,64.7,2.0,4.0,11.0,3.0,17.6,5.0,4.0,1.0,0.0,17.0,0.0,4.0,2.0,30.6,0.32,-1.4,-0.08,118.0,303.0,38.9,512.0,86.0,45.1,40.1,134.0,53.7,44.8,144.0,7.0,4.9,6.0,0.35,12.6
73,Alban Lafont,fr FRA,GK,Nantes,22-350,1999,19.0,19.0,1710.0,23.0,1.21,78.0,55.0,70.5,8.0,4.0,7.0,4.0,21.1,1.0,0.0,1.0,0.0,19.0,0.0,3.0,1.0,22.8,0.28,0.8,0.04,103.0,333.0,30.9,414.0,61.0,51.4,44.9,148.0,81.1,60.0,145.0,12.0,8.3,9.0,0.47,14.1
74,Jean-Louis Leca,fr FRA,GK,Lens,36-109,1985,18.0,18.0,1575.0,25.0,1.43,65.0,42.0,64.6,6.0,6.0,6.0,3.0,16.7,2.0,2.0,0.0,0.0,17.5,1.0,2.0,0.0,22.1,0.33,-2.9,-0.17,84.0,201.0,41.8,363.0,86.0,39.9,35.7,125.0,44.8,38.2,135.0,18.0,13.3,11.0,0.63,13.7
75,Jeremías Ledesma,ar ARG,GK,Cádiz,28-329,1993,19.0,19.0,1710.0,32.0,1.68,86.0,58.0,68.6,2.0,8.0,9.0,4.0,21.1,5.0,5.0,0.0,0.0,19.0,0.0,8.0,0.0,30.3,0.31,-1.7,-0.09,158.0,439.0,36.0,367.0,47.0,75.7,56.0,183.0,88.0,67.4,199.0,18.0,9.0,5.0,0.26,12.6
76,Bernd Leno,de GER,GK,Arsenal,29-310,1992,3.0,3.0,270.0,9.0,3.0,18.0,8.0,50.0,0.0,0.0,3.0,0.0,0.0,0.0,0.0,0.0,0.0,3.0,0.0,1.0,0.0,7.1,0.39,-1.9,-0.65,11.0,39.0,28.2,61.0,11.0,37.7,36.3,26.0,61.5,45.7,30.0,2.0,6.7,1.0,0.33,13.1
77,Luca Lezzerini,it ITA,GK,Venezia,26-290,1995,2.0,2.0,135.0,3.0,2.0,13.0,10.0,76.9,1.0,0.0,1.0,0.0,0.0,0.0,0.0,0.0,0.0,1.5,0.0,0.0,0.0,4.7,0.37,1.7,1.15,6.0,9.0,66.7,41.0,14.0,14.6,27.2,13.0,23.1,31.5,15.0,1.0,6.7,0.0,0.0,10.6
78,Hugo Lloris,fr FRA,GK,Tottenham,35-013,1986,18.0,18.0,1620.0,20.0,1.11,66.0,48.0,71.2,10.0,3.0,5.0,8.0,44.4,1.0,1.0,0.0,0.0,18.0,0.0,3.0,1.0,20.6,0.3,1.6,0.09,93.0,201.0,46.3,309.0,61.0,42.7,37.1,139.0,49.6,39.1,159.0,8.0,5.0,13.0,0.72,15.0
79,Anthony Lopes,pt POR,GK,Lyon,31-099,1990,17.0,17.0,1513.0,25.0,1.49,88.0,69.0,75.0,5.0,7.0,5.0,3.0,17.6,3.0,3.0,0.0,0.0,16.8,1.0,3.0,3.0,24.1,0.25,2.1,0.12,71.0,143.0,49.7,427.0,80.0,24.1,30.5,123.0,32.5,33.6,140.0,6.0,4.3,16.0,0.95,16.0
80,Diego López,es ESP,GK,Espanyol,40-066,1981,19.0,19.0,1710.0,22.0,1.16,78.0,58.0,73.1,7.0,5.0,7.0,6.0,31.6,1.0,1.0,0.0,0.0,19.0,0.0,1.0,2.0,21.1,0.26,1.1,0.06,93.0,248.0,37.5,440.0,99.0,39.3,36.9,168.0,44.6,38.4,231.0,19.0,8.2,12.0,0.63,13.5
81,Pau López,es ESP,GK,Marseille,27-026,1994,15.0,15.0,1350.0,10.0,0.67,39.0,31.0,82.1,8.0,4.0,3.0,9.0,60.0,3.0,3.0,0.0,0.0,15.0,0.0,0.0,0.0,12.1,0.25,2.1,0.14,78.0,174.0,44.8,564.0,73.0,25.0,30.0,90.0,36.7,34.5,83.0,12.0,14.5,12.0,0.8,15.8
82,Andreas Luthe,de GER,GK,Union Berlin,34-304,1987,17.0,17.0,1530.0,21.0,1.24,62.0,42.0,67.7,7.0,6.0,4.0,6.0,35.3,1.0,1.0,0.0,0.0,17.0,0.0,3.0,1.0,20.3,0.32,0.3,0.02,107.0,323.0,33.1,507.0,78.0,46.4,39.9,147.0,59.9,44.9,158.0,14.0,8.9,12.0,0.71,14.2
83,Niki Mäenpää,fi FIN,GK,Venezia,36-350,1985,6.0,5.0,495.0,9.0,1.64,18.0,11.0,61.1,0.0,2.0,3.0,0.0,0.0,3.0,2.0,0.0,1.0,5.5,0.0,0.0,0.0,8.0,0.36,-1.0,-0.18,18.0,60.0,30.0,129.0,31.0,38.0,35.7,39.0,28.2,29.2,53.0,3.0,5.7,1.0,0.18,11.9
84,Mike Maignan,fr FRA,GK,Milan,26-189,1995,14.0,14.0,1260.0,13.0,0.93,49.0,38.0,77.6,10.0,2.0,2.0,5.0,35.7,2.0,2.0,0.0,0.0,14.0,0.0,3.0,1.0,15.2,0.28,3.2,0.23,69.0,169.0,40.8,402.0,63.0,37.1,35.7,62.0,32.3,35.1,85.0,7.0,8.2,12.0,0.86,17.0
85,Giorgi Mamardashvili,ge GEO,GK,Valencia,21-101,2000,6.0,6.0,540.0,7.0,1.17,25.0,18.0,72.0,3.0,1.0,2.0,2.0,33.3,0.0,0.0,0.0,0.0,6.0,0.0,0.0,0.0,5.7,0.23,-1.3,-0.22,42.0,105.0,40.0,109.0,21.0,63.3,45.9,45.0,80.0,57.8,55.0,3.0,5.5,0.0,0.0,10.3
86,Steve Mandanda,fr FRA,GK,Marseille,36-286,1985,4.0,4.0,360.0,5.0,1.25,14.0,9.0,64.3,2.0,2.0,0.0,1.0,25.0,0.0,0.0,0.0,0.0,4.0,0.0,3.0,1.0,3.0,0.21,-1.0,-0.26,15.0,25.0,60.0,87.0,15.0,21.8,29.6,30.0,20.0,30.3,36.0,3.0,8.3,5.0,1.25,17.8
87,Emiliano Martínez,ar ARG,GK,Aston Villa,29-128,1992,18.0,18.0,1620.0,27.0,1.5,74.0,50.0,67.6,7.0,1.0,10.0,5.0,27.8,5.0,3.0,1.0,1.0,18.0,1.0,4.0,1.0,21.6,0.25,-4.4,-0.24,118.0,284.0,41.5,439.0,68.0,47.2,39.7,142.0,54.2,43.7,144.0,7.0,4.9,14.0,0.78,14.2
88,Josep Martinez,es ESP,GK,RB Leipzig,23-226,1998,1.0,1.0,90.0,3.0,3.0,4.0,1.0,25.0,0.0,0.0,1.0,0.0,0.0,0.0,0.0,0.0,0.0,1.0,0.0,0.0,0.0,1.9,0.48,-1.1,-1.09,2.0,5.0,40.0,15.0,1.0,26.7,35.1,7.0,14.3,34.3,3.0,0.0,0.0,3.0,3.0,26.5
89,Luís Maximiano,pt POR,GK,Granada,23-003,1999,16.0,16.0,1426.0,20.0,1.26,78.0,59.0,74.4,5.0,6.0,5.0,3.0,18.8,1.0,0.0,1.0,0.0,15.8,0.0,3.0,2.0,22.1,0.27,4.1,0.26,115.0,317.0,36.3,392.0,86.0,54.6,43.4,147.0,70.1,50.4,189.0,13.0,6.9,22.0,1.39,16.1
90,Alex McCarthy,eng ENG,GK,Southampton,32-036,1989,15.0,15.0,1350.0,21.0,1.4,60.0,38.0,65.0,3.0,7.0,5.0,5.0,33.3,0.0,0.0,0.0,0.0,15.0,0.0,6.0,0.0,20.8,0.35,-0.2,-0.02,72.0,241.0,29.9,341.0,61.0,46.3,39.9,109.0,76.1,56.8,135.0,17.0,12.6,3.0,0.2,12.4
91,Edouard Mendy,sn SEN,GK,Chelsea,29-313,1992,20.0,20.0,1800.0,16.0,0.8,63.0,51.0,81.0,11.0,7.0,2.0,8.0,40.0,4.0,4.0,0.0,0.0,20.0,0.0,1.0,1.0,15.7,0.2,0.7,0.04,68.0,155.0,43.9,453.0,80.0,26.0,29.6,101.0,36.6,32.3,158.0,14.0,8.9,14.0,0.7,14.0
92,Alex Meret,it ITA,GK,Napoli,24-292,1997,2.0,2.0,180.0,1.0,0.5,7.0,6.0,85.7,2.0,0.0,0.0,1.0,50.0,0.0,0.0,0.0,0.0,2.0,0.0,0.0,0.0,0.8,0.12,-0.2,-0.09,4.0,9.0,44.4,32.0,10.0,15.6,25.9,12.0,33.3,32.4,15.0,1.0,6.7,0.0,0.0,7.7
93,Illan Meslier,fr FRA,GK,Leeds United,21-312,2000,19.0,19.0,1710.0,37.0,1.95,99.0,63.0,65.7,4.0,7.0,8.0,3.0,15.8,3.0,3.0,0.0,0.0,19.0,1.0,6.0,1.0,30.7,0.29,-5.3,-0.28,77.0,244.0,31.6,580.0,126.0,32.1,31.6,160.0,36.3,34.8,111.0,13.0,11.7,20.0,1.05,15.5
94,Vanja Milinković-Savić,rs SRB,GK,Torino,24-322,1997,19.0,19.0,1710.0,19.0,1.0,53.0,37.0,69.8,7.0,4.0,8.0,4.0,21.1,4.0,3.0,1.0,0.0,19.0,1.0,2.0,0.0,17.4,0.27,-1.6,-0.09,151.0,486.0,31.1,605.0,66.0,63.0,51.4,119.0,88.2,69.8,100.0,7.0,7.0,11.0,0.58,13.9
95,Lorenzo Montipò,it ITA,GK,Hellas Verona,25-322,1996,18.0,18.0,1620.0,29.0,1.61,67.0,41.0,59.7,6.0,6.0,6.0,2.0,11.1,2.0,2.0,0.0,0.0,18.0,0.0,3.0,2.0,22.8,0.31,-4.2,-0.23,126.0,344.0,36.6,417.0,75.0,61.9,45.7,117.0,73.5,51.5,166.0,10.0,6.0,10.0,0.56,13.8
96,Florian Müller,de GER,GK,Stuttgart,24-056,1997,13.0,13.0,1170.0,24.0,1.85,71.0,47.0,67.6,4.0,3.0,6.0,2.0,15.4,1.0,1.0,0.0,0.0,13.0,1.0,3.0,0.0,20.0,0.27,-4.0,-0.31,54.0,129.0,41.9,338.0,67.0,29.9,30.9,106.0,26.4,28.8,126.0,9.0,7.1,7.0,0.54,12.1
97,Juan Musso,ar ARG,GK,Atalanta,27-247,1994,17.0,17.0,1530.0,22.0,1.29,62.0,39.0,64.5,11.0,4.0,2.0,4.0,23.5,1.0,0.0,0.0,1.0,17.0,0.0,2.0,0.0,18.8,0.31,-3.2,-0.19,95.0,209.0,45.5,387.0,77.0,32.3,34.0,119.0,70.6,52.4,116.0,9.0,7.8,12.0,0.71,15.4
98,Paul Nardi,fr FRA,GK,Lorient,27-235,1994,19.0,19.0,1710.0,31.0,1.63,75.0,49.0,64.0,3.0,7.0,9.0,3.0,15.8,5.0,4.0,0.0,1.0,19.0,3.0,3.0,1.0,27.2,0.32,-2.8,-0.15,76.0,295.0,25.8,330.0,65.0,52.7,44.2,158.0,76.6,59.8,182.0,5.0,2.7,7.0,0.37,13.2
99,Keylor Navas,cr CRC,GK,Paris S-G,35-024,1986,11.0,11.0,964.0,10.0,0.93,44.0,34.0,77.3,8.0,3.0,0.0,3.0,27.3,0.0,0.0,0.0,0.0,10.7,0.0,2.0,0.0,10.0,0.23,0.0,0.0,27.0,48.0,56.3,216.0,51.0,16.7,28.2,77.0,15.6,24.4,87.0,5.0,5.7,8.0,0.75,13.6
100,Neto,br BRA,GK,Barcelona,32-173,1989,2.0,2.0,180.0,3.0,1.5,9.0,6.0,66.7,1.0,1.0,0.0,0.0,0.0,0.0,0.0,0.0,0.0,2.0,1.0,1.0,0.0,3.0,0.33,0.0,-0.01,19.0,36.0,52.8,81.0,11.0,42.0,36.2,16.0,12.5,28.4,21.0,1.0,4.8,2.0,1.0,13.9
101,Manuel Neuer,de GER,GK,Bayern Munich,35-287,1986,17.0,17.0,1530.0,16.0,0.94,51.0,35.0,68.6,14.0,1.0,2.0,6.0,35.3,0.0,0.0,0.0,0.0,17.0,0.0,1.0,0.0,13.2,0.26,-2.8,-0.17,106.0,180.0,58.9,685.0,107.0,24.2,30.3,100.0,14.0,27.8,130.0,10.0,7.7,33.0,1.94,21.2
102,Alexander Nübel,de GER,GK,Monaco,25-100,1996,19.0,19.0,1710.0,23.0,1.21,61.0,46.0,72.1,8.0,5.0,6.0,3.0,15.8,7.0,6.0,0.0,1.0,19.0,0.0,2.0,2.0,22.5,0.28,1.5,0.08,89.0,240.0,37.1,450.0,71.0,38.4,36.5,126.0,53.2,45.3,122.0,6.0,4.9,11.0,0.58,15.9
103,Jan Oblak,si SVN,GK,Atlético Madrid,29-001,1993,19.0,19.0,1710.0,22.0,1.16,39.0,21.0,51.3,9.0,5.0,5.0,6.0,31.6,3.0,3.0,0.0,0.0,19.0,1.0,3.0,2.0,13.2,0.27,-6.8,-0.36,91.0,239.0,38.1,374.0,80.0,44.1,38.9,127.0,58.3,46.6,127.0,11.0,8.7,5.0,0.26,13.5
104,Jonas Omlin,ch SUI,GK,Montpellier,27-363,1994,14.0,14.0,1260.0,15.0,1.07,65.0,50.0,76.9,7.0,3.0,4.0,5.0,35.7,0.0,0.0,0.0,0.0,14.0,0.0,2.0,0.0,15.9,0.25,0.9,0.07,93.0,205.0,45.4,422.0,78.0,34.1,33.8,138.0,44.2,39.4,129.0,10.0,7.8,6.0,0.43,13.6
105,Stefan Ortega,de GER,GK,Arminia,29-063,1992,16.0,16.0,1440.0,22.0,1.37,78.0,59.0,75.6,2.0,7.0,7.0,4.0,25.0,3.0,3.0,0.0,0.0,16.0,0.0,3.0,0.0,23.4,0.27,1.4,0.09,228.0,476.0,47.9,658.0,39.0,58.4,46.3,147.0,62.6,51.0,148.0,7.0,4.7,14.0,0.88,15.9
106,David Ospina,co COL,GK,Napoli,33-130,1988,18.0,18.0,1620.0,14.0,0.78,57.0,45.0,77.2,10.0,4.0,4.0,9.0,50.0,1.0,1.0,0.0,0.0,18.0,0.0,3.0,1.0,12.8,0.21,-0.2,-0.01,80.0,162.0,49.4,438.0,66.0,31.1,31.9,90.0,28.9,28.2,121.0,13.0,10.7,10.0,0.56,14.3
107,Alexandre Oukidja,dz ALG,GK,Metz,33-173,1988,17.0,17.0,1527.0,36.0,2.12,75.0,43.0,56.0,2.0,6.0,9.0,2.0,11.8,3.0,3.0,0.0,0.0,17.0,1.0,2.0,2.0,28.9,0.35,-5.1,-0.3,132.0,306.0,43.1,336.0,99.0,56.8,46.0,135.0,85.2,61.1,147.0,24.0,16.3,18.0,1.06,15.4
108,Jesús Owono,gq EQG,GK,Alavés,20-313,2001,1.0,1.0,90.0,1.0,1.0,4.0,3.0,75.0,0.0,1.0,0.0,0.0,0.0,0.0,0.0,0.0,0.0,1.0,0.0,0.0,0.0,0.7,0.17,-0.3,-0.33,9.0,21.0,42.9,20.0,2.0,90.0,60.0,3.0,100.0,75.0,4.0,0.0,0.0,2.0,2.0,15.7
109,Fernando Pacheco,es ESP,GK,Alavés,29-235,1992,16.0,16.0,1433.0,26.0,1.63,63.0,38.0,60.3,4.0,2.0,10.0,3.0,18.8,3.0,1.0,2.0,0.0,15.9,0.0,5.0,0.0,22.7,0.32,-3.3,-0.21,177.0,315.0,56.2,352.0,38.0,64.5,47.1,140.0,62.9,46.6,174.0,13.0,7.5,13.0,0.82,13.8
110,Ivor Pandur,hr CRO,GK,Hellas Verona,21-289,2000,2.0,2.0,180.0,4.0,2.0,10.0,6.0,60.0,1.0,0.0,1.0,0.0,0.0,0.0,0.0,0.0,0.0,2.0,0.0,1.0,0.0,3.7,0.37,-0.3,-0.17,14.0,26.0,53.8,44.0,5.0,45.5,39.5,11.0,54.5,39.5,6.0,1.0,16.7,0.0,0.0,13.6
111,Rui Patrício,pt POR,GK,Roma,33-327,1988,20.0,20.0,1800.0,24.0,1.2,72.0,52.0,70.8,10.0,2.0,8.0,7.0,35.0,4.0,3.0,1.0,0.0,20.0,1.0,3.0,1.0,23.2,0.27,0.2,0.01,109.0,215.0,50.7,410.0,80.0,42.2,36.8,127.0,33.1,33.1,149.0,3.0,2.0,11.0,0.55,13.1
112,Gianluca Pegolo,it ITA,GK,Sassuolo,40-289,1981,1.0,1.0,90.0,3.0,3.0,5.0,2.0,40.0,0.0,0.0,1.0,0.0,0.0,0.0,0.0,0.0,0.0,1.0,0.0,1.0,0.0,1.9,0.39,-1.1,-1.06,6.0,10.0,60.0,26.0,4.0,30.8,31.0,8.0,25.0,25.6,12.0,0.0,0.0,0.0,0.0,12.8
113,Philipp Pentke,de GER,GK,Hoffenheim,36-252,1985,1.0,1.0,90.0,3.0,3.0,7.0,4.0,57.1,1.0,0.0,0.0,0.0,0.0,0.0,0.0,0.0,0.0,1.0,0.0,0.0,0.0,2.3,0.33,-0.7,-0.71,4.0,11.0,36.4,33.0,5.0,30.3,29.5,7.0,14.3,27.4,8.0,0.0,0.0,1.0,1.0,13.6
114,Juan Pérez,es ESP,GK,Osasuna,25-177,1996,1.0,1.0,90.0,2.0,2.0,4.0,2.0,50.0,0.0,0.0,1.0,0.0,0.0,0.0,0.0,0.0,0.0,1.0,0.0,1.0,0.0,0.9,0.23,-1.1,-1.08,3.0,18.0,16.7,19.0,4.0,68.4,46.5,5.0,100.0,64.2,8.0,1.0,12.5,2.0,2.0,16.9
115,Mattia Perin,it ITA,GK,Juventus,29-059,1992,3.0,3.0,270.0,4.0,1.33,8.0,4.0,50.0,2.0,0.0,1.0,1.0,33.3,0.0,0.0,0.0,0.0,3.0,0.0,1.0,0.0,4.1,0.52,0.1,0.04,10.0,25.0,40.0,64.0,8.0,34.4,36.7,21.0,14.3,23.2,25.0,2.0,8.0,0.0,0.0,10.1
116,Pavao Pervan,at AUT,GK,Wolfsburg,34-056,1987,2.0,2.0,180.0,6.0,3.0,11.0,7.0,54.5,0.0,0.0,2.0,0.0,0.0,1.0,1.0,0.0,0.0,2.0,0.0,1.0,1.0,2.8,0.18,-2.2,-1.11,5.0,17.0,29.4,40.0,10.0,35.0,35.2,11.0,27.3,28.6,16.0,1.0,6.3,0.0,0.0,10.9
117,Danijel Petković,me MNE,GK,Angers,28-228,1993,6.0,6.0,540.0,8.0,1.33,23.0,17.0,73.9,2.0,2.0,2.0,1.0,16.7,3.0,2.0,1.0,0.0,6.0,0.0,0.0,0.0,9.1,0.31,1.1,0.19,20.0,50.0,40.0,133.0,37.0,26.3,31.3,40.0,37.5,34.7,50.0,4.0,8.0,6.0,1.0,14.0
118,Jordan Pickford,eng ENG,GK,Everton,27-307,1994,17.0,17.0,1530.0,29.0,1.71,80.0,52.0,65.0,5.0,4.0,8.0,3.0,17.6,1.0,1.0,0.0,0.0,17.0,0.0,7.0,0.0,25.7,0.31,-3.3,-0.19,115.0,369.0,31.2,395.0,59.0,65.1,50.4,135.0,83.0,65.0,151.0,13.0,8.6,12.0,0.71,15.1
119,Julian Pollersbeck,de GER,GK,Lyon,27-145,1994,2.0,1.0,105.0,1.0,0.86,6.0,6.0,100.0,1.0,0.0,0.0,1.0,100.0,1.0,1.0,0.0,0.0,1.2,0.0,0.0,0.0,1.4,0.07,0.4,0.3,5.0,11.0,45.5,28.0,7.0,35.7,35.1,6.0,16.7,24.8,6.0,0.0,0.0,0.0,0.0,13.0
120,Nick Pope,eng ENG,GK,Burnley,29-264,1992,15.0,15.0,1350.0,21.0,1.4,65.0,43.0,67.7,1.0,8.0,6.0,3.0,20.0,0.0,0.0,0.0,0.0,15.0,1.0,4.0,0.0,18.4,0.29,-2.6,-0.18,139.0,344.0,40.4,309.0,54.0,75.4,54.7,123.0,90.2,64.7,152.0,16.0,10.5,20.0,1.33,17.0
121,Ivan Provedel,it ITA,GK,Spezia,27-297,1994,13.0,13.0,1170.0,22.0,1.69,69.0,54.0,75.4,3.0,3.0,7.0,2.0,15.4,6.0,5.0,1.0,0.0,13.0,0.0,2.0,2.0,18.9,0.21,-1.1,-0.08,112.0,290.0,38.6,433.0,58.0,52.2,43.6,93.0,68.8,49.4,122.0,9.0,7.4,11.0,0.85,16.4
122,Boris Radunović,rs SRB,GK,Cagliari,25-227,1996,2.0,2.0,180.0,4.0,2.0,10.0,7.0,70.0,0.0,1.0,1.0,1.0,50.0,1.0,1.0,0.0,0.0,2.0,1.0,0.0,0.0,4.7,0.38,0.7,0.34,20.0,47.0,42.6,49.0,5.0,65.3,47.6,18.0,83.3,56.1,25.0,1.0,4.0,1.0,0.5,11.8
123,Predrag Rajković,rs SRB,GK,Reims,26-069,1995,19.0,19.0,1710.0,22.0,1.16,61.0,43.0,70.5,5.0,8.0,6.0,6.0,31.6,5.0,4.0,0.0,1.0,19.0,1.0,3.0,0.0,20.0,0.27,-2.0,-0.1,100.0,278.0,36.0,465.0,99.0,44.9,40.1,128.0,53.9,43.8,175.0,15.0,8.6,21.0,1.11,15.4
124,Aaron Ramsdale,eng ENG,GK,Arsenal,23-239,1998,17.0,17.0,1530.0,16.0,0.94,67.0,50.0,80.6,11.0,2.0,4.0,9.0,52.9,3.0,3.0,0.0,0.0,17.0,0.0,0.0,0.0,16.4,0.21,0.4,0.02,110.0,292.0,37.7,493.0,86.0,42.0,37.7,108.0,78.7,59.7,137.0,13.0,9.5,9.0,0.53,14.7
125,David Raya,es ESP,GK,Brentford,26-115,1995,9.0,9.0,810.0,9.0,1.0,29.0,20.0,69.0,3.0,3.0,3.0,3.0,33.3,0.0,0.0,0.0,0.0,9.0,0.0,1.0,0.0,8.2,0.28,-0.8,-0.09,83.0,221.0,37.6,336.0,45.0,49.4,41.8,77.0,71.4,52.8,74.0,9.0,12.2,13.0,1.44,15.7
126,Manolo Reina,es ESP,GK,Mallorca,36-282,1985,18.0,18.0,1620.0,25.0,1.39,64.0,40.0,64.1,4.0,8.0,6.0,6.0,33.3,3.0,2.0,1.0,0.0,18.0,0.0,1.0,1.0,21.6,0.3,-2.4,-0.13,107.0,299.0,35.8,393.0,66.0,54.2,44.2,152.0,56.6,43.5,161.0,10.0,6.2,11.0,0.61,15.0
127,Pepe Reina,es ESP,GK,Lazio,39-130,1982,15.0,15.0,1350.0,29.0,1.93,56.0,30.0,55.4,6.0,4.0,5.0,2.0,13.3,5.0,4.0,0.0,1.0,15.0,0.0,2.0,0.0,24.0,0.36,-5.0,-0.34,98.0,181.0,54.1,425.0,70.0,34.8,33.1,99.0,33.3,32.1,120.0,6.0,5.0,10.0,0.67,14.0
128,Álex Remiro,es ESP,GK,Real Sociedad,26-290,1995,16.0,16.0,1440.0,16.0,1.0,50.0,35.0,72.0,6.0,6.0,4.0,8.0,50.0,2.0,2.0,0.0,0.0,16.0,1.0,1.0,0.0,15.9,0.28,-0.1,-0.01,113.0,224.0,50.4,427.0,61.0,39.3,35.0,99.0,56.6,47.0,121.0,12.0,9.9,18.0,1.13,16.2
129,Sergio Rico,es ESP,GK,Paris S-G,28-129,1993,1.0,0.0,23.0,1.0,3.91,3.0,2.0,66.7,0.0,0.0,0.0,0.0,0.0,0.0,0.0,0.0,0.0,0.3,0.0,0.0,0.0,1.1,0.41,0.1,0.52,2.0,3.0,66.7,8.0,1.0,37.5,32.3,0.0,0.0,0.0,4.0,0.0,0.0,1.0,3.91,18.3
130,Manuel Riemann,de GER,GK,Bochum,33-121,1988,16.0,16.0,1440.0,24.0,1.5,86.0,62.0,72.1,5.0,2.0,9.0,5.0,31.3,2.0,0.0,2.0,0.0,16.0,1.0,2.0,1.0,28.9,0.33,5.9,0.37,264.0,575.0,45.9,675.0,44.0,70.5,50.1,132.0,75.0,55.1,148.0,17.0,11.5,26.0,1.63,17.4
131,Sergio Romero,ar ARG,GK,Venezia,34-320,1987,12.0,12.0,1080.0,22.0,1.83,73.0,55.0,72.6,3.0,3.0,6.0,3.0,25.0,2.0,2.0,0.0,0.0,12.0,0.0,1.0,2.0,22.6,0.3,2.6,0.21,83.0,188.0,44.1,342.0,77.0,40.6,36.5,115.0,42.6,37.7,133.0,9.0,6.8,6.0,0.5,11.8
132,Gerónimo Rulli,ar ARG,GK,Villarreal,29-233,1992,17.0,17.0,1530.0,16.0,0.94,51.0,38.0,74.5,6.0,6.0,5.0,8.0,47.1,4.0,3.0,1.0,0.0,17.0,0.0,0.0,1.0,15.8,0.26,0.8,0.04,84.0,186.0,45.2,570.0,89.0,23.3,31.8,120.0,44.2,40.6,163.0,18.0,11.0,16.0,0.94,15.7
133,Mathew Ryan,au AUS,GK,Real Sociedad,29-275,1992,3.0,3.0,270.0,5.0,1.67,15.0,11.0,73.3,2.0,0.0,1.0,1.0,33.3,1.0,1.0,0.0,0.0,3.0,0.0,3.0,0.0,5.7,0.32,0.7,0.24,20.0,58.0,34.5,88.0,14.0,51.1,42.2,19.0,68.4,49.3,36.0,4.0,11.1,1.0,0.33,14.2
134,José Sá,pt POR,GK,Wolves,28-356,1993,19.0,19.0,1710.0,14.0,0.74,68.0,58.0,85.3,8.0,4.0,7.0,8.0,42.1,4.0,4.0,0.0,0.0,19.0,0.0,0.0,0.0,20.6,0.25,6.6,0.35,81.0,251.0,32.3,399.0,110.0,45.6,41.2,132.0,52.3,44.0,176.0,18.0,10.2,17.0,0.89,14.7
135,Romain Salin,fr FRA,GK,Rennes,37-163,1984,1.0,1.0,90.0,2.0,2.0,3.0,1.0,33.3,0.0,0.0,1.0,0.0,0.0,0.0,0.0,0.0,0.0,1.0,0.0,0.0,0.0,1.0,0.32,-1.0,-1.04,6.0,9.0,66.7,29.0,8.0,31.0,35.3,3.0,0.0,13.3,6.0,1.0,16.7,1.0,1.0,14.5
136,Robert Sánchez,es ESP,GK,Brighton,24-051,1997,18.0,18.0,1619.0,18.0,1.0,70.0,53.0,77.1,6.0,9.0,3.0,6.0,33.3,3.0,2.0,0.0,1.0,18.0,0.0,4.0,0.0,19.5,0.25,1.5,0.08,99.0,309.0,32.0,676.0,80.0,33.9,36.9,119.0,67.2,53.5,164.0,22.0,13.4,21.0,1.17,15.7
137,Kasper Schmeichel,dk DEN,GK,Leicester City,35-064,1986,18.0,18.0,1620.0,33.0,1.83,86.0,59.0,67.4,7.0,4.0,7.0,3.0,16.7,7.0,5.0,1.0,1.0,18.0,1.0,8.0,1.0,27.7,0.27,-4.3,-0.24,130.0,330.0,39.4,512.0,76.0,47.1,40.1,161.0,55.3,45.4,164.0,11.0,6.7,8.0,0.44,12.3
138,Marvin Schwäbe,de GER,GK,Köln,26-258,1995,5.0,5.0,450.0,6.0,1.2,19.0,13.0,68.4,3.0,1.0,1.0,1.0,20.0,0.0,0.0,0.0,0.0,5.0,0.0,0.0,0.0,4.5,0.24,-1.5,-0.29,29.0,55.0,52.7,204.0,19.0,22.1,29.8,35.0,28.6,33.1,34.0,1.0,2.9,2.0,0.4,14.9
139,Alexander Schwolow,de GER,GK,Hertha BSC,29-220,1992,17.0,17.0,1530.0,35.0,2.06,76.0,43.0,57.9,6.0,3.0,8.0,2.0,11.8,3.0,3.0,0.0,0.0,17.0,1.0,6.0,0.0,30.4,0.37,-4.6,-0.27,113.0,278.0,40.6,454.0,89.0,37.9,35.7,147.0,72.1,53.2,186.0,9.0,4.8,10.0,0.59,13.4
140,Matz Sels,be BEL,GK,Strasbourg,29-316,1992,18.0,18.0,1620.0,24.0,1.33,67.0,47.0,68.7,7.0,5.0,6.0,4.0,22.2,3.0,3.0,0.0,0.0,18.0,0.0,4.0,1.0,22.9,0.32,-0.1,-0.01,96.0,223.0,43.0,351.0,58.0,47.3,39.0,120.0,47.5,42.2,133.0,12.0,9.0,9.0,0.5,14.5
141,Rui Silva,pt POR,GK,Betis,27-335,1994,12.0,12.0,1080.0,12.0,1.0,38.0,28.0,73.7,6.0,2.0,4.0,4.0,33.3,2.0,2.0,0.0,0.0,12.0,0.0,1.0,0.0,11.9,0.27,-0.1,-0.01,62.0,153.0,40.5,287.0,49.0,38.3,35.3,86.0,50.0,43.0,95.0,7.0,7.4,10.0,0.83,15.2
142,Marco Silvestri,it ITA,GK,Udinese,30-312,1991,18.0,18.0,1620.0,28.0,1.56,69.0,44.0,63.8,4.0,8.0,6.0,4.0,22.2,3.0,3.0,0.0,0.0,18.0,0.0,5.0,1.0,23.5,0.31,-3.5,-0.2,114.0,267.0,42.7,380.0,49.0,50.5,40.7,144.0,52.1,41.9,132.0,7.0,5.3,2.0,0.11,11.5
143,Unai Simón,es ESP,GK,Athletic Club,24-211,1997,16.0,16.0,1440.0,12.0,0.75,49.0,35.0,79.6,5.0,7.0,4.0,6.0,37.5,2.0,2.0,0.0,0.0,16.0,0.0,0.0,0.0,12.6,0.23,0.6,0.04,78.0,178.0,43.8,316.0,84.0,40.5,36.8,117.0,42.7,41.1,161.0,11.0,6.8,12.0,0.75,15.4
144,Salvatore Sirigu,it ITA,GK,Genoa,34-361,1987,20.0,20.0,1800.0,38.0,1.9,98.0,64.0,64.3,1.0,9.0,10.0,3.0,15.0,3.0,3.0,0.0,0.0,20.0,1.0,6.0,2.0,32.0,0.31,-4.0,-0.2,156.0,346.0,45.1,590.0,64.0,47.5,38.5,126.0,52.4,39.6,171.0,9.0,5.3,7.0,0.35,13.2
145,Antonio Sivera,es ESP,GK,Alavés,25-150,1996,3.0,2.0,187.0,3.0,1.44,9.0,7.0,77.8,0.0,1.0,1.0,1.0,50.0,1.0,1.0,0.0,0.0,2.1,0.0,1.0,0.0,2.1,0.13,-0.9,-0.44,22.0,56.0,39.3,44.0,4.0,77.3,54.6,28.0,78.6,58.2,31.0,6.0,19.4,1.0,0.48,11.2
146,Łukasz Skorupski,pl POL,GK,Bologna,30-248,1991,19.0,19.0,1710.0,31.0,1.63,89.0,66.0,71.9,8.0,3.0,8.0,7.0,36.8,6.0,6.0,0.0,0.0,19.0,1.0,2.0,2.0,28.2,0.26,-0.8,-0.04,119.0,265.0,44.9,499.0,92.0,44.3,37.7,125.0,35.2,32.1,163.0,12.0,7.4,5.0,0.26,11.6
147,Yann Sommer,ch SUI,GK,M'Gladbach,33-022,1988,18.0,18.0,1620.0,33.0,1.83,92.0,59.0,64.1,6.0,4.0,8.0,2.0,11.1,0.0,0.0,0.0,0.0,18.0,1.0,2.0,1.0,32.9,0.36,0.9,0.05,122.0,265.0,46.0,623.0,77.0,34.5,33.8,116.0,43.1,38.3,122.0,8.0,6.6,21.0,1.17,15.3
148,David Soria,es ESP,GK,Getafe,28-279,1993,19.0,19.0,1710.0,20.0,1.05,64.0,44.0,71.9,4.0,6.0,9.0,6.0,31.6,3.0,2.0,0.0,1.0,19.0,0.0,4.0,0.0,18.7,0.26,-1.3,-0.07,199.0,459.0,43.4,452.0,42.0,75.4,52.5,141.0,83.7,58.5,180.0,23.0,12.8,16.0,0.84,14.3
149,Marco Sportiello,it ITA,GK,Atalanta,29-243,1992,2.0,2.0,180.0,2.0,1.0,0.0,0.0,0.0,0.0,1.0,1.0,1.0,50.0,2.0,2.0,0.0,0.0,2.0,0.0,0.0,0.0,1.8,0.0,-0.2,-0.12,8.0,16.0,50.0,35.0,8.0,28.6,29.4,6.0,100.0,64.7,7.0,2.0,28.6,3.0,1.5,15.7
150,Jason Steele,eng ENG,GK,Brighton,31-143,1990,1.0,1.0,90.0,2.0,2.0,5.0,3.0,60.0,0.0,0.0,1.0,0.0,0.0,0.0,0.0,0.0,0.0,1.0,0.0,1.0,0.0,1.2,0.25,-0.8,-0.77,3.0,7.0,42.9,32.0,2.0,12.5,26.2,6.0,50.0,43.8,11.0,1.0,9.1,0.0,0.0,13.0
151,Jed Steer,eng ENG,GK,Aston Villa,29-107,1992,1.0,1.0,90.0,3.0,3.0,4.0,1.0,25.0,0.0,0.0,1.0,0.0,0.0,0.0,0.0,0.0,0.0,1.0,0.0,0.0,0.0,1.8,0.45,-1.2,-1.2,5.0,13.0,38.5,30.0,6.0,30.0,34.4,6.0,66.7,53.8,8.0,1.0,12.5,1.0,1.0,14.3
152,Zack Steffen,us USA,GK,Manchester City,26-281,1995,1.0,1.0,90.0,0.0,0.0,2.0,2.0,100.0,1.0,0.0,0.0,1.0,100.0,0.0,0.0,0.0,0.0,1.0,0.0,0.0,0.0,0.3,0.16,0.3,0.31,4.0,9.0,44.4,31.0,6.0,22.6,26.0,7.0,28.6,25.3,7.0,0.0,0.0,2.0,2.0,17.5
153,Thomas Strakosha,al ALB,GK,Lazio,26-295,1995,5.0,5.0,450.0,8.0,1.6,18.0,10.0,61.1,3.0,1.0,1.0,0.0,0.0,1.0,1.0,0.0,0.0,5.0,0.0,0.0,0.0,6.3,0.31,-1.7,-0.34,29.0,58.0,50.0,127.0,20.0,38.6,32.2,32.0,28.1,28.6,52.0,3.0,5.8,2.0,0.4,13.7
154,Wojciech Szczęsny,pl POL,GK,Juventus,31-265,1990,17.0,17.0,1530.0,14.0,0.82,48.0,35.0,72.9,8.0,5.0,4.0,7.0,41.2,2.0,1.0,1.0,0.0,17.0,0.0,3.0,0.0,13.8,0.28,-0.2,-0.01,78.0,148.0,52.7,405.0,75.0,30.1,32.8,92.0,28.3,29.7,154.0,8.0,5.2,8.0,0.47,13.5
155,Ciprian Tătărușanu,ro ROU,GK,Milan,35-333,1986,6.0,6.0,540.0,10.0,1.67,21.0,14.0,61.9,4.0,1.0,1.0,1.0,16.7,3.0,2.0,1.0,0.0,6.0,0.0,1.0,1.0,9.0,0.3,0.0,-0.01,37.0,79.0,46.8,168.0,12.0,39.3,36.8,38.0,34.2,37.6,49.0,2.0,4.1,4.0,0.67,13.0
156,Marc-André ter Stegen,de GER,GK,Barcelona,29-253,1992,17.0,17.0,1530.0,19.0,1.12,47.0,28.0,59.6,7.0,6.0,4.0,4.0,23.5,0.0,0.0,0.0,0.0,17.0,0.0,4.0,0.0,17.1,0.36,-1.9,-0.11,91.0,163.0,55.8,547.0,69.0,23.2,28.6,108.0,33.3,33.7,118.0,7.0,5.9,5.0,0.29,12.2
157,Pietro Terracciano,it ITA,GK,Fiorentina,31-306,1990,15.0,14.0,1332.0,19.0,1.28,49.0,32.0,63.3,8.0,2.0,4.0,3.0,21.4,1.0,1.0,0.0,0.0,14.8,0.0,0.0,1.0,15.6,0.3,-2.4,-0.16,138.0,248.0,55.6,645.0,69.0,34.7,34.0,72.0,33.3,33.4,97.0,10.0,10.3,16.0,1.08,16.2
158,Kevin Trapp,de GER,GK,Eint Frankfurt,31-184,1990,17.0,17.0,1530.0,24.0,1.41,80.0,59.0,73.8,7.0,6.0,4.0,3.0,17.6,3.0,3.0,0.0,0.0,17.0,0.0,4.0,0.0,26.3,0.3,2.3,0.14,118.0,347.0,34.0,550.0,75.0,48.9,38.1,134.0,58.2,47.8,142.0,5.0,3.5,17.0,1.0,15.2
159,Sven Ulreich,de GER,GK,Bayern Munich,33-158,1988,1.0,1.0,90.0,2.0,2.0,4.0,2.0,50.0,0.0,0.0,1.0,0.0,0.0,0.0,0.0,0.0,0.0,1.0,0.0,1.0,0.0,2.0,0.5,0.0,0.0,6.0,8.0,75.0,43.0,6.0,18.6,25.9,3.0,0.0,17.0,3.0,1.0,33.3,3.0,3.0,21.1
160,Rúben Vezo,pt POR,DF,Levante,27-258,1994,1.0,1.0,4.0,0.0,0.0,0.0,0.0,0.0,0.0,1.0,0.0,0.0,0.0,0.0,0.0,0.0,0.0,16.1,0.0,0.0,0.0,0.0,0.0,0.0,0.0,2.0,4.0,50.0,3.0,0.0,100.0,61.7,1.0,100.0,64.0,2.0,0.0,0.0,0.0,0.0,0.0
161,Guglielmo Vicario,it ITA,GK,Empoli,25-093,1996,20.0,20.0,1800.0,37.0,1.85,108.0,76.0,67.6,8.0,4.0,8.0,3.0,15.0,5.0,2.0,1.0,2.0,20.0,1.0,3.0,4.0,34.7,0.3,1.7,0.08,91.0,231.0,39.4,542.0,108.0,29.0,31.8,160.0,46.3,40.2,214.0,17.0,7.9,9.0,0.45,13.0
162,Freddie Woodman,eng ENG,GK,Newcastle Utd,24-310,1997,4.0,4.0,360.0,12.0,3.0,19.0,9.0,47.4,0.0,1.0,3.0,0.0,0.0,3.0,2.0,1.0,0.0,4.0,0.0,0.0,0.0,8.7,0.35,-3.3,-0.83,22.0,71.0,31.0,80.0,11.0,53.8,43.3,43.0,65.1,52.0,33.0,2.0,6.1,0.0,0.0,11.6
163,Robin Zentner,de GER,GK,Mainz 05,27-072,1994,17.0,17.0,1530.0,17.0,1.0,54.0,38.0,70.4,7.0,3.0,7.0,6.0,35.3,1.0,1.0,0.0,0.0,17.0,0.0,0.0,0.0,15.0,0.26,-2.0,-0.12,67.0,206.0,32.5,400.0,95.0,37.8,36.6,128.0,43.0,41.1,136.0,10.0,7.4,19.0,1.12,16.5
164,Luca Zidane,fr FRA,"GK,MF",Rayo Vallecano,23-240,1998,2.0,2.0,105.0,2.0,1.71,5.0,3.0,60.0,0.0,0.0,2.0,0.0,0.0,0.0,0.0,0.0,0.0,1.2,0.0,0.0,0.0,1.8,0.37,-0.2,-0.14,5.0,14.0,35.7,29.0,8.0,37.9,35.4,10.0,30.0,31.0,8.0,2.0,25.0,0.0,0.0,8.7
165,Jeroen Zoet,nl NED,GK,Spezia,31-002,1991,7.0,7.0,630.0,19.0,2.71,40.0,22.0,55.0,1.0,1.0,5.0,0.0,0.0,2.0,1.0,1.0,0.0,7.0,0.0,3.0,0.0,17.5,0.39,-1.5,-0.22,29.0,81.0,35.8,181.0,41.0,32.0,33.9,54.0,42.6,39.4,52.0,3.0,5.8,5.0,0.71,13.7
